student_id,predicted_bully_level,predicted_bully_risk,predicted_bully_high
8337,1.1222222220999996,0.016,0
429,1.4222222220999998,0.032,0
8667,1.2185185183999998,0.024,0
595,1.4986111111333333,0,0
4638,1.359447004580645,0.032,0
6438,1.1851851851333335,0.016,0
6194,1.2962962961666664,0.016,0
90,1.1148148147333332,0.008,0
70,1.1185185184666666,0.008,0
892,1.1296296295666663,0.016,0
1557,1.3555555553999996,0.016,0
8092,1.2518518517666666,0.008,0
8669,1.7416666665999998,0.072,0
6465,1.4393518517333332,0.024,0
5505,1.3999999998333332,0.032,0
2205,1.2925925924666666,0.024,0
418,1.3986111111000001,0.04,0
4155,1.1777777776666665,0,0
8638,1.5425925926,0.04,0
300,1.3351851851666665,0.031746031746031744,0
138,1.5342592593000002,0.104,0
3475,1.3555555554666665,0.008,0
6712,1.2740740739999998,0.032,0
2517,1.6388888888387094,0.056,0
4528,1.2189814814,0,0
630,1.1111111110666665,0,0
1082,1.3481481480999997,0.032,0
2698,1.2021693120999999,0.016,0
5159,1.218981481333333,0.008,0
4212,1.2486111109999998,0.024,0
8539,1.4587962963333334,0.008,0
5742,1.4703703702333328,0.048,0
4481,1.374537036933333,0.016,0
4881,2.0949074073666667,0.2,0
606,1.3407407406999996,0.016,0
7179,1.3148148146666663,0.016,0
8541,1.3185185184666666,0.016,0
2019,1.3407407406999998,0,0
7469,1.2300925925,0.008,0
1552,1.4168518518333333,0.024,0
4139,1.3111111110666664,0.015873015873015872,0
3900,1.7767857143333332,0.112,0
1558,1.2768518516999998,0.008,0
2006,1.3449074074333331,0.032,0
8518,1.2407407405999997,0,0
6092,1.5357804231999999,0.08,0
3046,1.5296296295666665,0.032,0
2436,1.3189964157096772,0.008,0
5128,1.2962962961333333,0.008,0
7683,1.1861111110666667,0,0
3079,1.9087962962333334,0.144,0
5882,1.1629629628666664,0.008,0
7566,1.3935185184666665,0.008,0
2590,1.244444444333333,0.008,0
5225,1.4814814814333332,0.032,0
5967,1.4888888889,0.04,0
5964,1.7624999999333333,0.088,0
3052,1.419444444333333,0.023809523809523808,0
7728,1.3666666665666662,0,0
3424,1.3185185184333332,0.008,0
8129,1.2782407405999998,0.015873015873015872,0
2541,1.8592592592666668,0.096,0
7372,1.2037037035999996,0,0
2984,1.3925925924666664,0.008,0
7763,1.2916666664999998,0.024,0
3302,1.3666666665333331,0.008,0
8134,1.6057347669677418,0.096,0
8214,1.3444444443999999,0.048,0
8566,1.545555555566667,0.072,0
2444,1.3532407406666664,0.008,0
1472,1.2666666664999997,0.008,0
7813,1.4666666665999997,0.024,0
4184,1.2222222221666665,0.031746031746031744,0
1913,1.4232804233,0.056,0
809,1.1296296294999997,0,0
2823,1.3333333333,0.048,0
8627,1.1703703702666666,0.016,0
658,1.1851851850666664,0.008,0
3604,1.436111111033333,0.032,0
4138,1.2087962962333332,0.032,0
1496,1.2148148146666662,0,0
412,1.2898148147666668,0.024,0
2059,1.2788359787666663,0.024,0
3107,1.8333333332666666,0.184,0
8266,1.3666666665999998,0.008,0
4748,1.1703703703,0,0
7884,1.1999999999666666,0.016,0
3490,1.1708333332666667,0,0
2983,1.303703703633333,0.032,0
1885,1.3629629628666666,0.024,0
2298,1.2444444443666665,0.016,0
8490,1.4124999999666668,0.024,0
5232,1.2148148146666664,0.007936507936507936,0
4394,1.2481481480333332,0.016,0
7821,1.2638888887666664,0,0
1482,1.2643518517333332,0.008,0
6843,1.3583333332999998,0.064,0
226,1.2578703703,0.023809523809523808,0
8435,1.3189964157096772,0.024,0
8212,1.3195767194999997,0.016,0
5352,1.337037036933333,0.032,0
8601,1.3111111109999996,0.024,0
4201,1.3166666665999998,0.024,0
2306,1.2888888888666667,0,0
8182,1.1819444443666667,0,0
7020,1.2606481481,0.008,0
4241,1.2814814814666666,0.016,0
5145,1.5888888887999997,0.024,0
2365,2.183796296366667,0.216,0
8293,1.3222222220999997,0.008,0
4083,1.1333333332333333,0,0
3848,1.1962962961999999,0,0
6564,1.220370370233333,0.008,0
6487,1.2222222221333332,0,0
3974,1.311574074,0,0
5455,1.4712962962666665,0.008,0
6016,1.1629629628666662,0.008,0
3720,1.2074074072666663,0.016,0
3652,1.2083333332999997,0.008,0
8054,1.2601851851333334,0.008,0
6218,1.2370370370000001,0.016,0
3681,1.148148148033333,0.008,0
395,1.2000000000000002,0.08,0
7339,1.2296296295333333,0.016,0
4958,1.1935185185,0.008,0
99,1.2851851850666665,0,0
1361,1.2222222220999999,0.024,0
2722,1.2037037036333333,0.015873015873015872,0
5178,1.2186379927419353,0.016,0
586,1.4074074073333331,0.048,0
3273,1.5370370369333335,0.008,0
4240,1.2074074072999996,0,0
7076,1.1999999999666666,0.008,0
2701,1.1777777777333334,0.008,0
5208,1.2518518517333332,0.024,0
7898,1.230092592533333,0.016,0
7002,1.1962962961999997,0.008,0
1445,1.3064814813999999,0.007936507936507936,0
6503,1.1888888888666669,0.016,0
7062,1.1555555554999999,0,0
5494,1.5148148146999996,0.06349206349206349,0
1798,1.303703703633333,0,0
8058,1.1444444443333333,0.008,0
465,1.6851851851666666,0.032,0
2227,1.2555555554,0.016,0
5423,1.2222222221666665,0.016,0
2956,1.3310185184333332,0.016,0
3957,1.1222222220999998,0.016,0
573,1.2643518517666663,0.016,0
140,1.281481481433333,0.03968253968253968,0
7362,1.1564814813666666,0.008,0
1921,1.5481481480666666,0.024,0
1254,1.3347222221666664,0.016,0
3335,1.1814814813999999,0,0
2145,1.456944444433333,0.056,0
224,1.2388888888666665,0.056,0
4969,1.3777777777000002,0,0
4798,1.2499999999666664,0.048,0
5210,1.5981481480999997,0.056,0
3877,1.6707671956999997,0.12,0
641,1.3249999999999997,0.024,0
1116,1.2342592592000001,0.008,0
1034,1.2333333333333334,0.024,0
4020,1.4689814813999997,0.056,0
4286,1.3680555554666667,0.008,0
7640,1.2124999999666668,0,0
1820,1.1703703703,0.024,0
1108,1.4666666665666663,0.016,0
5078,1.1666666665666663,0.008,0
4093,1.1259259257999998,0.016,0
1838,1.2111111110333332,0.008,0
871,1.2074074072666663,0.016,0
7166,1.4999999999333333,0.04,0
3345,1.3828703702666665,0.008,0
8190,1.1490740739999998,0.024,0
1224,1.293518518433333,0.008,0
199,1.6185185183999997,0.048,0
4819,1.2505952380333332,0.016,0
222,1.3222222221666666,0.032,0
5909,1.2999999998666665,0,0
885,1.5324074072999998,0.04,0
8656,1.0940860214193548,0.024,0
8289,1.211111111033333,0,0
3259,1.6268518517666666,0.08,0
3152,1.5037037036333332,0.016,0
3915,1.4111111110333332,0.007936507936507936,0
4067,1.1777777777333331,0.008,0
235,1.4031746030999996,0.024,0
2067,1.719086021451613,0.088,0
1566,1.3583333331666663,0.024,0
1284,1.5263888888666666,0.032,0
2233,1.3467741935161288,0.008,0
5418,1.4268518517666666,0.072,0
432,1.1185185184666666,0.008,0
2667,1.3620370369333332,0.008,0
6742,1.1592592591666666,0.008,0
3155,1.8333333332666666,0.112,0
1782,1.1967592592333332,0,0
1112,1.1555555555,0.016,0
3871,1.3259259258999998,0.016,0
6654,1.4407407406666666,0.056,0
5385,1.3782407406666664,0,0
7209,1.2481481480666667,0.008,0
3192,1.8467592591666664,0.08,0
5563,1.3740740740666666,0.048,0
814,1.3518518517999998,0.04,0
2842,1.1666666666333332,0.016,0
2645,1.3194444443666664,0.024,0
33,1.2481481480666665,0,0
5137,1.4708333332333332,0.032,0
675,1.3407407406666665,0.032,0
6656,1.5222222221000001,0.056,0
1282,1.223148148033333,0.008,0
5396,1.4523148147333333,0.096,0
7243,1.112037037,0,0
5726,1.3314814814,0.016,0
4342,1.5851851851333332,0.024,0
1493,1.1953703702666665,0.008,0
7256,1.1666666665333332,0,0
6456,1.2708333332666664,0.008,0
4133,1.2296296295333335,0,0
712,1.1333333333000002,0.008,0
6646,1.6935185185000001,0.08,0
6227,1.8532407405999998,0.096,0
6189,1.8282407406999999,0.144,0
55,1.1666666665999998,0.016,0
6177,1.6615740740666667,0.104,0
1317,1.2518518517333332,0,0
1513,1.2620370369,0.008,0
4671,1.280092592533333,0.008,0
134,1.0981481481333333,0.016,0
7650,1.3499999999666665,0.008,0
644,1.2560185184666666,0,0
4013,1.2518518518,0.008,0
549,1.1888888888,0.015873015873015872,0
6151,1.5115740739999997,0.064,0
4720,1.4004629629333332,0.024,0
5777,1.2115740739999998,0.024,0
7623,1.2370370369666663,0,0
8334,1.196296296233333,0.008,0
3142,1.6259259258333332,0.072,0
8545,1.8652777777333331,0.144,0
767,1.235185185133333,0.008,0
7666,1.1814814813666665,0.007936507936507936,0
4547,1.1828703702333334,0,0
6537,1.3814814813999996,0.04,0
1867,1.2111111109666663,0.008,0
4291,1.529166666633333,0.07142857142857142,0
3237,1.5370370369666666,0.128,0
1745,1.1555555554333334,0,0
2457,1.1833333332999998,0.024,0
175,1.210648148,0,0
8057,1.3111111110666664,0.016,0
4612,1.4185185183999998,0.032,0
3723,1.266666666533333,0.016,0
6501,1.4074074072666665,0.016,0
4029,1.3148148146666663,0.008,0
2021,1.5666666665666662,0.04,0
5460,1.2851851850999998,0.016,0
8171,1.3523148148000002,0.016,0
2571,1.4944444443666667,0.04,0
4793,1.1490740740666667,0,0
3034,1.6310185184666666,0.072,0
2729,1.6374999998666664,0.08,0
4186,1.2148148147333333,0.007936507936507936,0
5651,1.3074074074,0.007936507936507936,0
3328,1.4037037035999995,0.023809523809523808,0
1430,1.5208333332666666,0.08,0
5489,1.5445767194999998,0.0873015873015873,0
6351,1.3740740739999997,0.024,0
6896,1.4606481481333333,0.023809523809523808,0
425,1.185185185133333,0.016,0
3105,1.4268518518333333,0.04,0
5886,1.1738351253225807,0.023809523809523808,0
2288,1.305092592433333,0.032,0
8437,1.2249999999333332,0.007936507936507936,0
6492,1.5518518517999997,0.064,0
1364,1.5374999999333332,0.032,0
3346,1.185185185133333,0.008,0
7652,1.4847222221999998,0.008,0
93,1.1305555554666664,0.008,0
178,1.1481481480666664,0,0
5929,1.603703703633333,0.088,0
1811,1.3216931215999999,0.031746031746031744,0
4461,1.1999999998666664,0.032,0
6602,1.3185185184333332,0.024,0
868,1.0925925925666666,0.008,0
6672,1.2444444444333334,0.016,0
7786,1.3087962962666668,0.016,0
5313,1.2370370369666663,0.007936507936507936,0
5108,1.3814814813666665,0.016,0
5521,1.5523148146999999,0.104,0
6793,1.1935483869999999,0.016,0
933,1.2333333332666667,0.032,0
5461,1.3268518517666663,0.008,0
7414,1.214814814733333,0.016,0
3733,1.340740740633333,0.008,0
5255,1.3111111109999998,0.016,0
6746,1.1634259257999997,0.008,0
3078,1.2999999999333334,0.023809523809523808,0
1300,1.1740740739666664,0,0
2137,1.3481481481333333,0.016,0
2450,1.3629629628666668,0.016,0
6728,1.1851851850666664,0.008,0
952,1.2481481480666665,0.016,0
6453,1.3037037035666663,0.008,0
1968,1.5740740739999997,0.032,0
5868,1.2703703702666662,0.008,0
5206,1.4370370368999998,0.016,0
3419,1.2111111110666666,0.008,0
6838,1.2037037035999998,0,0
3699,1.3222222220999997,0.032,0
7632,1.2259259258333333,0.015873015873015872,0
6650,1.325925925833333,0.016,0
8252,1.2814814815,0.008,0
1596,1.578240740633333,0.04,0
7171,1.319444444333333,0.016,0
2275,1.4976851850666664,0.032,0
1598,1.2203703702666666,0,0
5277,1.8787037035999996,0.12,0
997,1.2570767194999999,0.024,0
5440,1.3824074074,0.024,0
8312,1.3050925924999999,0.056,0
8550,1.3347222221666668,0.007936507936507936,0
4749,1.3185185184666666,0.032,0
6483,1.3814814814333334,0.024,0
6172,1.388888888833333,0.032,0
4485,1.3037037036666665,0.008,0
2584,1.1231481480666663,0.008,0
7718,1.2532407405999997,0,0
5022,1.2347222220999998,0.008,0
1340,1.1222222220999998,0,0
3149,1.4777777777333332,0.032,0
325,1.3296296294999999,0.008,0
2815,1.4148148147,0.015873015873015872,0
6839,1.2666666665999997,0.008,0
8575,1.2592592591999998,0.032,0
777,1.311574074,0.008,0
5244,1.5731481481333334,0.04,0
2974,1.2819444443666665,0,0
2813,1.2777777777333332,0.024,0
4883,1.3495370369666664,0,0
7468,1.1925925924999998,0.008,0
738,1.3074074073,0.016,0
8159,1.2370370369333332,0.008,0
7604,1.1976851850999999,0.024,0
4993,1.5800925924666662,0.10317460317460317,0
7068,1.1407407406666665,0,0
1237,1.211111111,0.023809523809523808,0
5566,1.1222222222,0.016,0
5866,1.6259259258666665,0.032,0
8076,1.980092592533333,0.184,0
4458,1.1555555554666663,0.016,0
5048,1.559259259133333,0.048,0
8401,1.6640211639333333,0.08,0
7375,1.2074074073666665,0.016,0
3278,1.1407407406999999,0,0
704,1.3444444443333332,0.016,0
4189,1.185185185133333,0.007936507936507936,0
4448,1.0844444443666665,0.008,0
7874,1.3999999999999997,0.024,0
473,1.3259259258333331,0.064,0
4695,1.3814814814,0.04,0
6965,1.0999999999333332,0.008,0
5941,1.0962962962666665,0.008,0
3268,1.2629629628333328,0.024,0
2770,1.688888888966667,0.12,0
7378,1.5967592591999997,0.064,0
3608,1.2615740739999997,0,0
5558,1.4412037037,0.016,0
2725,1.2370370370000001,0,0
3073,1.2777777777333332,0.008,0
2885,1.4629629628999998,0.04,0
6515,1.5370370369333333,0.05555555555555555,0
6577,1.485185185133333,0.016,0
6125,1.2481481480333332,0.047244094488188976,0
3174,1.4074074073666667,0.04,0
3818,1.1444444442999997,0.008,0
8582,1.4399641576451612,0.04,0
5332,1.5097222222666666,0.056,0
7930,1.5129629627999996,0.047619047619047616,0
5645,1.211111111,0.008,0
8338,1.118518518433333,0.008,0
5870,1.2222222220999999,0.023809523809523808,0
5859,1.1222222221333331,0,0
8099,1.3824074073666666,0.047619047619047616,0
7896,1.2074074073333334,0,0
8629,1.2666666666,0.024,0
6472,1.2259259259,0.008,0
8552,1.4074074072999996,0.024,0
1009,1.1814814813666665,0,0
6578,1.4407407406666664,0.04,0
1569,1.2865740739666662,0.032,0
4702,1.585648148133333,0.048,0
3285,1.474074073966666,0.016,0
1114,1.3379629629333332,0.008,0
5773,1.748148148033333,0.064,0
2377,1.189814814733333,0.008,0
6034,1.2999999999333332,0.024,0
3728,1.3953703702666664,0.016,0
1658,1.3879629628666665,0.024,0
5261,1.3453703702999997,0.016,0
5464,1.4296296295333333,0.032,0
5509,1.6634259258999997,0.112,0
6010,1.3712962962333333,0.016,0
3291,1.6067989416999997,0.08,0
3507,1.1629629628333331,0,0
4145,1.2083333332333333,0.04,0
5872,1.3592592592000001,0.048,0
8557,1.2564814814,0,0
3201,1.431018518433333,0.07142857142857142,0
7504,1.4296296295666664,0.008,0
4753,1.4333333332666665,0,0
7710,1.6240079364666664,0.032,0
1914,1.207870370333333,0.008,0
3282,1.2796296294999998,0.008,0
228,1.3046296296333333,0.048,0
758,1.4296296296,0.04,0
36,1.1259259258666665,0,0
2483,1.2962962962,0.015873015873015872,0
1251,1.4157706092258062,0.032,0
6008,1.2296296295666667,0.016,0
5855,1.3421296296666665,0.032,0
5835,1.3388888888,0.04,0
5287,1.2833333332333332,0.008,0
5011,1.6865740740666668,0.128,0
3671,1.1444444444,0,0
2352,1.4705555555333334,0.04,0
6482,1.4518518516999996,0.008,0
2503,1.5856481480666664,0.072,0
1789,1.197222222133333,0.016,0
215,1.9888888887999996,0.168,0
4431,1.2296296295333333,0.016,0
1989,1.2148148146999997,0,0
5525,1.7055555554999997,0.144,0
2709,1.574074073933333,0.06349206349206349,0
6390,1.4791005291000003,0.056,0
2530,1.1814814814333332,0.016,0
8050,1.1814814813999999,0.008,0
3448,1.3518518517666667,0.023809523809523808,0
3941,1.3092592591333332,0.024,0
5602,1.284259259133333,0.024,0
7155,1.1782407406666666,0,0
7638,1.1814814813999996,0.008,0
2508,1.483333333233333,0.032,0
1839,1.2560185184333332,0.008,0
669,1.1555555554333332,0.007936507936507936,0
6004,1.3962962961999998,0.04,0
3810,1.2592592591666663,0,0
8070,1.2370370368666663,0.007936507936507936,0
4170,1.603703703633333,0.088,0
8531,1.3740740740333333,0.023809523809523808,0
2374,1.2833333332333332,0.04,0
3924,1.2740740739333332,0.016,0
4132,1.4856481480333332,0.04,0
6364,1.4754629629666667,0.064,0
3855,1.103703703633333,0.008,0
2099,1.3185185184,0,0
7940,1.1777777776666665,0,0
3470,1.163425925833333,0,0
3868,1.2148148148,0.015873015873015872,0
6874,1.448148148033333,0.008,0
8333,1.4243915343333333,0.04,0
6378,1.5157407407,0.05555555555555555,0
1657,1.2370370369666666,0.008,0
1561,1.3361111109333332,0.016,0
8595,1.3407407405666663,0.008,0
5243,1.2907407406333329,0.024,0
7741,1.3703703702333327,0.008,0
3529,1.1009259258666664,0.008,0
2853,1.4060185185,0.104,0
375,1.1666666666,0.024,0
2579,1.4555555554999997,0.08,0
7110,1.2185185183999998,0.008,0
4927,1.2098544972666665,0.016,0
2428,1.1851851850999997,0.015873015873015872,0
5518,1.5185185184666663,0.05555555555555555,0
4649,1.3944444443666664,0.015873015873015872,0
1427,1.5555555554666667,0.024,0
4469,1.1111111110666665,0,0
2990,1.4740740740333333,0.032,0
5780,1.2074074073666665,0.008,0
8466,1.3037037035999999,0.008,0
2302,1.5307407406666662,0.05555555555555555,0
2778,1.4407407406666666,0.015873015873015872,0
1212,1.1612903224516127,0,0
5825,1.4767025088387098,0.032,0
8636,1.3740740739666666,0.032,0
3400,1.3824074073333332,0.016,0
2162,1.292592592533333,0.023809523809523808,0
5712,1.1555555554999999,0.008,0
6099,1.2999999999666665,0.024,0
7773,1.1518518517333332,0.008,0
6280,1.3814814813666665,0,0
3221,1.2226851851333331,0.031746031746031744,0
8224,1.2444444443666667,0.008,0
2259,1.186111111033333,0.024,0
3255,1.2638888887999997,0.008,0
2378,1.4902777776999998,0.008,0
2061,1.5185185184999999,0.056,0
5624,1.3814814814,0.04,0
1296,1.2694444444,0.031746031746031744,0
4305,1.5949074072999996,0.048,0
7503,1.2777777777333335,0.008,0
4171,1.2333333332666667,0.032,0
3007,1.673835125451613,0.072,0
5359,1.2486111109666664,0.032,0
2548,1.1777777777333331,0.04,0
5447,1.4703703703,0.04,0
1599,1.473148148033333,0.032,0
4386,1.255555555433333,0.016,0
5526,1.4746693121666667,0.032,0
6895,1.2222222221666668,0.008,0
8007,1.5925925926333335,0.056,0
1911,1.3962962962333334,0.016,0
6311,1.229838709612903,0.008,0
5722,1.2851851850999998,0.023809523809523808,0
1674,1.4148148146999995,0.016,0
5076,1.4851851851333333,0.072,0
4894,1.3037037035999999,0.056,0
5250,1.3902777777333333,0.064,0
835,1.3718637991935483,0.008,0
833,1.2185185184666665,0.024,0
782,1.2004629628333332,0,0
302,1.1537037036333333,0.016,0
6408,1.2518518517666666,0.008,0
1887,1.199999999933333,0.024,0
3914,1.360648148033333,0.008,0
2404,1.5296296294999996,0.016,0
4648,1.2232804232666665,0.008,0
524,1.5342592592666666,0.10317460317460317,0
1068,1.5921296294666663,0.032,0
6296,1.1999999998666664,0,0
7367,1.1481481480666667,0.008,0
725,1.3925925924999996,0.008,0
6205,1.4675925925666666,0.072,0
3370,1.2925925924333332,0.008,0
2649,1.4370370369999999,0.064,0
8428,1.2703703702666662,0.008,0
3921,1.4555555554666666,0.056,0
5962,1.2074074073333334,0.008,0
3851,1.1333333332666664,0.008,0
3229,1.4962962961999997,0.056,0
4683,1.3306878306333336,0.024,0
6836,1.3185185185333335,0.016,0
6018,1.2300925924666664,0.008,0
4444,1.1560185183999998,0.008,0
7629,1.259722222133333,0.008,0
1523,1.2416666665333331,0.008,0
8274,1.2121693120666663,0.008,0
7160,1.4370370368999998,0.04,0
5147,1.440740740633333,0.048,0
8502,1.3592592592333332,0.007936507936507936,0
5017,1.5481481481,0.04,0
5303,1.4231481479999997,0.048,0
3231,1.5921296295999998,0.072,0
4583,1.3453703702999997,0.016,0
579,1.1564814814333333,0.007936507936507936,0
8140,1.1777777776666665,0.015873015873015872,0
4684,1.3004629628999997,0.056,0
2375,1.2962962962,0.008,0
2305,1.3259259258666665,0,0
5708,1.281481481433333,0.008,0
107,1.2629629628999999,0,0
4807,1.4087962962333331,0.04,0
2497,1.5555555555,0.088,0
4142,1.2566666665666666,0.016,0
4437,1.263888888833333,0.032,0
5959,1.3481481480666664,0.008,0
8540,1.3611111111,0.048,0
3425,1.3814814813999996,0.056,0
8078,1.3370370369666664,0.023809523809523808,0
3618,1.4569444443666664,0.024,0
5923,1.1148148146999999,0.008,0
6259,1.6909259258666665,0.06349206349206349,0
2228,1.0888888888333335,0.008,0
5993,1.6481481480666664,0.008,0
1050,1.1222222221333333,0.024,0
841,1.3444444443666663,0,0
2610,1.288888888733333,0,0
3359,1.3481481481333333,0.007936507936507936,0
8385,1.211111111033333,0,0
1221,1.2296296296,0,0
2120,1.2861111110333332,0.032,0
4126,1.3310185183999999,0.032,0
7737,1.3481481481000002,0.008,0
2902,1.4370370369999999,0.032,0
8242,1.336917562645161,0.064,0
7778,1.2185185185,0.008,0
7719,1.1333333331999997,0.016,0
3809,1.1935483870322579,0,0
7617,1.3629629628666666,0,0
6995,1.2148148147333333,0.056,0
8387,1.418518518433333,0.023809523809523808,0
206,1.2555555554666666,0.032,0
5036,1.2518518518333333,0.016,0
5073,1.323611111033333,0.048,0
769,1.4462962963000001,0.008,0
1728,1.1708333332666667,0,0
6548,1.7601851852000001,0.128,0
1167,1.4745370370333333,0.024,0
6040,1.3555555554666663,0.032,0
7195,1.1407407406999999,0,0
6920,1.2037037035999996,0,0
3466,1.093189964096774,0,0
7704,1.182407407333333,0.016,0
7017,1.2916666665999998,0,0
1465,1.3212962961999999,0.016,0
7277,1.1703703702999997,0,0
6413,1.3499999998999999,0.024,0
3053,1.4509259257999998,0.064,0
3929,1.2481481480666663,0.008,0
3860,1.1612903224516127,0.024,0
1130,1.3300925925333333,0,0
5195,1.5296296295666667,0.112,0
8246,1.4740740739666662,0.007936507936507936,0
7522,1.3740740739666666,0.016,0
2175,1.411111111033333,0.031746031746031744,0
5191,1.9254629630000002,0.1111111111111111,0
8383,1.411111111033333,0.024,0
6519,1.5374999999333334,0.048,0
3902,1.1337962961999997,0.024,0
3515,1.3643518517333328,0.008,0
3389,1.0962962962666665,0,0
7532,1.5347222220999999,0.08,0
8668,1.225925925733333,0.023809523809523808,0
7039,1.2037037035666664,0.008,0
1711,1.3310185183999999,0.024,0
7700,1.4675925926333335,0.04,0
2269,1.1777777776666662,0.008,0
6984,1.3050925925333332,0.016,0
3199,1.2518518517666664,0.03968253968253968,0
7511,1.1740740739666662,0.024,0
2433,1.4592592591999998,0.023809523809523808,0
882,1.1824074073666666,0,0
1399,1.2249999999333332,0.007936507936507936,0
1207,1.2259259258666666,0.016,0
5888,1.1296296296,0.008,0
7900,1.1592592591666666,0,0
2153,1.2351851850999997,0.008,0
3570,1.1351851850999999,0.024,0
8429,1.185185185033333,0.016,0
6156,1.5987433862,0.03968253968253968,0
6792,1.4273148147666666,0.048,0
373,1.2777777776666668,0.008,0
2603,1.362962962833333,0.04,0
6181,1.9699074073666665,0.192,0
72,1.1740740739666664,0,0
2793,1.469534050064516,0.016,0
1604,1.1976851850666665,0.032,0
2587,1.9643518518333332,0.184,0
7713,1.2999999999333334,0.008,0
925,1.1967592591333331,0.008,0
4777,1.1648148147,0,0
6889,1.5814814813666662,0.04,0
4141,1.3962962961999996,0.008,0
2154,1.581944444433333,0.072,0
2426,1.3393518519000003,0,0
4688,1.2777777776666666,0,0
1299,1.1518518517333332,0.016,0
4867,1.3976851851666665,0.032,0
8003,1.4430555554666664,0.008,0
3133,1.385185185033333,0.008,0
8585,1.3856481481333334,0.031746031746031744,0
2050,1.2148148146999997,0.024,0
4508,1.2074074073666665,0.016,0
751,1.1555555554333332,0.016,0
6961,1.3342592592666667,0.024,0
5677,1.5074074072666663,0.088,0
2699,1.3555555555333332,0.008,0
8024,1.4962962962666664,0.024,0
3568,1.1740740739999997,0,0
1261,1.3546296296,0.008,0
4114,1.5222222220333328,0.048,0
3180,1.3777777776999998,0.016,0
7147,1.1971326164193545,0,0
4160,1.148611111033333,0.032,0
2478,1.3740740739999997,0.016,0
3223,1.6962962961999997,0.072,0
1937,1.5814814814333331,0.024,0
2271,1.720833333233333,0.08,0
8641,1.4185185184333333,0.048,0
3416,1.2814814813999997,0.016,0
4983,1.7007168459032258,0.09523809523809523,0
4210,1.1555555554999999,0.032,0
4920,1.3388888888333332,0.064,0
2934,1.6111111109999996,0.064,0
7973,1.2481481480999999,0,0
7319,1.5513888887666663,0.024,0
83,1.3861111110666668,0.04,0
1931,1.5504629629666669,0.048,0
6725,1.148148148033333,0.008,0
7244,1.4074074073333331,0.04,0
2693,1.2259259258666664,0.024,0
5687,1.2777777776666668,0,0
5797,1.0962962961999998,0.008,0
5068,1.2374999998999996,0,0
1422,1.2555555555333333,0.008,0
6842,1.2574074072666663,0.008,0
6848,1.3703703703333332,0.04,0
5080,1.1449074072999998,0.016,0
572,1.3444444444333332,0.016,0
7667,1.2999999999333332,0.016,0
7052,1.1925925925666665,0.008,0
1384,1.4037037036,0.024,0
8291,1.2342592591666666,0.016,0
7258,1.5259259257999997,0.048,0
2446,1.2851851850666665,0.007936507936507936,0
3673,1.1444444443666666,0.016,0
646,1.1777777776333331,0,0
7656,1.237037037,0.007874015748031496,0
5043,1.3851851850999997,0.032,0
303,1.5185185183999999,0.032,0
286,1.459259259233333,0.031746031746031744,0
6470,1.461574074,0.032,0
1133,1.5259259258666664,0.023809523809523808,0
193,1.4629629628999998,0.05555555555555555,0
7182,1.2087962962333332,0.008,0
2342,1.2708333331999997,0,0
1256,1.225925925833333,0.048,0
2391,1.3231481480666665,0.007936507936507936,0
8257,1.3407407406999998,0.024,0
1588,1.3050925925333334,0.032,0
5616,1.3259259258333331,0.024,0
6572,1.1629629628333331,0.008,0
1215,1.2074074072666663,0,0
5304,1.3310185183999999,0.04,0
4985,1.2986111111,0.008,0
2527,1.2148148147333333,0.015873015873015872,0
1899,1.2814814814,0,0
7072,1.3555555555333332,0.024,0
5135,1.2888888887999999,0.024,0
6145,1.6333333333666666,0.112,0
2830,1.6111111110333332,0.032,0
1357,1.5328703702666664,0.112,0
6073,1.5180555554666666,0.07936507936507936,0
7211,1.1814814814333332,0.008,0
4561,1.2814814814,0.024,0
517,1.133796296233333,0.016,0
417,1.6532407406666665,0.048,0
8071,1.2935185184666667,0.016,0
1940,1.3703703703333334,0.008,0
4731,1.2444444443666665,0.008,0
4599,1.2851851851333331,0.016,0
6037,1.4629629628666663,0.048,0
762,1.3185185184333332,0.032,0
5290,1.2333333331999998,0.007936507936507936,0
96,1.2777777776666666,0.008,0
8086,1.1529100527999998,0.016,0
1205,1.3416666666,0.008,0
1431,1.3254629628666663,0.008,0
1576,1.402777777633333,0.008,0
4981,1.3648148147999999,0.032,0
623,1.0999999999333332,0,0
3634,1.179659498096774,0.008,0
2289,1.1999999999,0.008,0
3304,1.2481481480333332,0.016,0
6834,1.1481481480666664,0.008,0
6579,1.562962962833333,0.096,0
1309,1.3592592592333332,0.016,0
6980,1.4661375660999998,0.024,0
5379,1.1592592591666664,0.016,0
6469,1.448611111033333,0.016,0
4770,1.1629629628666662,0.008,0
5650,1.2342592592333332,0.008,0
4312,1.8324074074,0.152,0
5535,1.6504629628333332,0.096,0
5199,1.3481481480666664,0.023809523809523808,0
3307,1.3814814813333327,0.016,0
3550,1.3138888887999998,0.016,0
2501,1.7745370371000002,0.072,0
7541,1.3787037036333332,0.064,0
7787,1.225925925833333,0.008,0
1271,1.4481481479999998,0.048,0
1161,1.1148148147333332,0,0
1746,1.1444444443666664,0.008,0
3686,1.2518518517333332,0.008,0
3254,1.4818518518,0.05555555555555555,0
8290,1.5677248676333333,0.08,0
198,1.4555555555,0.032,0
3083,1.3657407407,0.08,0
4439,1.468981481433333,0.08,0
4156,1.3962962963333332,0,0
3609,1.5263888888666666,0.048,0
499,1.2580645159999995,0.016,0
2276,1.224074074,0.016,0
2743,1.7726851851666665,0.128,0
350,1.214814814733333,0.016,0
5709,1.351851851733333,0.04,0
3187,1.3861111111,0.016,0
491,1.2370370369333332,0.015873015873015872,0
7115,1.1333333332666666,0.008,0
4438,1.3175925925333332,0.032,0
1813,1.2893518518333333,0.024,0
1654,1.3037037035999999,0.023809523809523808,0
3293,1.4296296296,0.023809523809523808,0
7045,1.4925925924666668,0.024,0
2612,1.2407407406333328,0.016,0
3899,1.2388888888333334,0.032,0
1234,1.2657407406666665,0,0
3279,1.2851851850333331,0.016,0
3453,1.1666666666333332,0.032,0
6291,1.1407407406666665,0.008,0
7311,1.1666666665333332,0.008,0
4558,1.1412037035999996,0,0
4350,1.1407407405999996,0.008,0
5541,1.670833333233333,0.08,0
2991,1.4111111110666665,0.031746031746031744,0
6581,1.2115740739666665,0.032,0
7107,1.2740740739333332,0,0
555,1.6064814814333332,0.07142857142857142,0
8191,1.5407407406666664,0.048,0
6808,1.3518518517666662,0.024,0
7289,1.3333333331666664,0.04,0
5350,1.3722222221333331,0.016,0
1580,1.4449074072666663,0.048,0
3740,1.3962962961666665,0.023809523809523808,0
2164,1.2458333331999996,0,0
3253,1.6592592591666664,0.104,0
5046,1.4481481482000003,0.024,0
8193,1.1560185184666667,0.024,0
969,1.1555555555333332,0.016,0
1983,1.4296296296666666,0.024,0
3573,1.3777777777,0.008,0
7676,1.4226851851333333,0,0
3011,1.6296296295666663,0.104,0
2895,1.6037037036,0.096,0
3590,1.2421296294999995,0.008,0
6542,1.4037037035999995,0.04,0
7108,1.4148148147,0.04,0
3486,1.2634259258333331,0.024,0
2568,1.6481481481666667,0.072,0
5601,1.097222222133333,0.008,0
5450,1.4492063491333331,0.008,0
5991,1.3268518518,0.015873015873015872,0
8418,1.3074074073666666,0.008,0
7338,1.318518518433333,0.016,0
1453,1.1814814813666665,0.016,0
4816,1.2592592592333332,0.016,0
4973,1.2962962962666666,0.04,0
4388,1.5333333332,0.016,0
7262,1.1629629628666664,0.024,0
7735,1.2777777777,0.04,0
6445,1.3773148147333332,0.032,0
2245,1.2259259258666666,0.016,0
6849,1.1592592591666666,0,0
7075,1.1999999998666664,0,0
2948,1.6180555554666662,0.08,0
3589,1.248148148033333,0.008,0
3403,1.3777777776666662,0.008,0
984,1.8152777777666667,0.136,0
7242,1.2555555554666664,0.05555555555555555,0
3289,1.4296296295666666,0.008,0
5323,1.3555555554999998,0.024,0
2128,1.3185185184333332,0.03968253968253968,0
631,1.4222222221666667,0.024,0
6732,1.6074074073666664,0.032,0
3516,1.2185185185,0.015873015873015872,0
5863,1.335185185033333,0.023622047244094488,0
7610,1.2004629628333328,0,0
7190,1.3407407406666665,0.031746031746031744,0
899,1.3111111110666664,0.007936507936507936,0
65,1.4486111111,0.024,0
8471,1.3837962961999997,0.008,0
7325,1.194444444333333,0.016,0
6692,1.2999999999333332,0.016,0
4168,1.3666666665999998,0.04,0
51,1.1863799282258063,0.008,0
6366,1.3296296294999999,0.008,0
5155,1.4703703702666666,0.048,0
5716,1.1777777776666665,0.008,0
1291,1.1981481480999998,0.008,0
6009,1.449999999933333,0.024,0
5179,1.254166666533333,0.008,0
4242,1.274074074066667,0.015873015873015872,0
7975,1.2592592591666663,0.008,0
5551,1.5587962962333333,0.008,0
3782,1.1962962962666666,0,0
455,1.3370370369666664,0.008,0
742,1.2712962961333332,0.016,0
3300,1.3893518518333332,0.024,0
7114,1.2703703703,0.024,0
2430,1.5337962962333331,0.056,0
5275,1.4999999998999995,0.064,0
6119,1.2930555554999998,0.016,0
4889,1.5185185184666665,0.072,0
6583,1.5041666665666666,0.048,0
8194,1.2185185184333334,0,0
3252,1.3666666665666662,0.048,0
4629,1.2259259258333333,0,0
6032,1.1612903224838709,0.024,0
5012,1.3407407406999998,0.08,0
6066,1.5569444443666667,0.04,0
1437,1.3027777776666665,0,0
4784,1.1412037036333331,0,0
8080,1.2417989417,0.023622047244094488,0
891,1.2814814814333333,0.032,0
5583,1.4370370371000003,0.024,0
7625,1.2763888888666666,0.016,0
1856,1.1740740739666664,0,0
7402,1.2925925924999997,0.03968253968253968,0
4921,1.424074074,0.024,0
1274,1.2259259257999997,0,0
1683,1.2148148147666666,0.016,0
6611,1.5402116401666668,0.048,0
1226,1.1037037035999997,0.007936507936507936,0
3825,1.1777777777,0,0
5487,1.7592592591999998,0.08,0
1671,1.333333333233333,0.016,0
1103,1.1263888888333333,0.008,0
4076,1.1412037036333331,0.024,0
4916,1.2555555555333333,0.032,0
8559,1.3050925924999999,0.015748031496062992,0
7396,1.1740740739666662,0.016,0
7368,1.129629629533333,0,0
3530,1.1111111111,0,0
7442,1.3962962961666665,0.016,0
8197,1.3935185183999999,0,0
3406,1.1819444444,0.016,0
460,1.561111111033333,0.056,0
6228,1.309259259133333,0.024,0
7846,1.5481481481333332,0.048,0
2416,1.3518518517999998,0.016,0
1652,1.3111111110666664,0.023809523809523808,0
8160,1.2796296295999998,0.016,0
4659,1.5148148148,0.024,0
4428,1.6481481480333329,0.088,0
7251,1.2518518517666664,0.04,0
4626,1.3037037036333332,0.024,0
2734,1.1925925924666665,0.008,0
5362,1.8717592592666668,0.224,0
8188,1.4666666666333332,0.096,0
4754,1.3865740739999999,0.016,0
2,1.2629629628999999,0.007936507936507936,0
7749,1.2050925925,0.032,0
2926,1.6456093190322583,0.072,0
2274,1.2444444443666667,0.007936507936507936,0
4038,1.3481481480999997,0.008,0
5435,1.3481481481666668,0.04,0
2975,1.6148148148,0.08,0
2452,1.2166666665666666,0.015873015873015872,0
4991,1.3055555555666667,0.032,0
3417,1.199999999933333,0.008,0
2814,1.2583333333333333,0,0
858,1.2444444443666665,0.024,0
3117,1.4458333333,0.024,0
4525,1.425925925833333,0.016,0
3109,1.714814814733333,0.064,0
1092,1.2407407406333333,0.016,0
3168,1.4870370369666663,0.04,0
47,1.4925925925666665,0.024,0
3049,1.2755291003999998,0.015873015873015872,0
4284,1.3814814814333332,0.007936507936507936,0
512,1.2629629629,0.008,0
6449,1.5754629628999999,0.032,0
5725,1.3509259258666664,0.048,0
4130,1.2037037036666665,0,0
4637,1.2259259257999997,0.008,0
2272,1.4407407406666664,0.03968253968253968,0
548,1.1541218637096773,0.008,0
4679,1.2814814813666664,0,0
4953,1.752314814733333,0.072,0
7116,1.1999999999,0,0
8438,1.2606481480666665,0,0
3272,1.4851851851,0.032,0
6637,1.393703703633333,0.024,0
4062,1.4333333332999998,0.048,0
7696,1.1874999998999995,0.008,0
2121,1.2259259258333333,0.032,0
6904,1.2185185184333334,0,0
6766,1.5018518517666664,0.032,0
6060,1.7786111110999996,0.16,0
7685,1.537037036933333,0,0
2073,1.2888888888333336,0.016,0
2052,1.1592592591666666,0.016,0
7619,1.1925925925333332,0,0
5743,1.5999999999333334,0.047619047619047616,0
8586,1.4555555554666664,0.023809523809523808,0
441,1.2560185184333332,0.016,0
1945,1.2046296295333332,0,0
420,1.3111111109999996,0.024,0
8647,1.4013888888333335,0.024,0
3161,1.3825396825666665,0.048,0
2425,1.4518518517999996,0.047619047619047616,0
6122,1.3837962961999997,0.008,0
6716,1.2444444443333331,0.008,0
851,1.7555555555666664,0.096,0
7288,1.1555555554999999,0.008,0
2092,1.2148148147666664,0.016,0
8554,1.1444444443666664,0,0
1446,1.2888888887666665,0.016,0
7463,1.3481481479999997,0.016,0
2872,1.4333333333333333,0.06349206349206349,0
4071,1.1185185184666664,0.008,0
1609,1.399999999933333,0.031496062992125984,0
3294,1.3444444443999999,0.008,0
4328,1.4680555555,0.032,0
2465,1.422685185033333,0.024,0
2262,1.5041666666333333,0.032,0
487,1.4384259258999998,0.008,0
